timestamp,gradcam_latency
1754587329.2905293,0.013600
1754587329.332447,0.015480
1754587329.374531,0.017270
1754587329.4448063,0.022090
1754587329.4857936,0.010519
1754587329.5259461,0.009513
1754587329.5720115,0.013212
1754587329.6088562,0.010148
1754587329.653692,0.016295
1754587329.7043772,0.013650
1754587329.752697,0.017359
1754587329.791798,0.013032
1754587329.8323271,0.011843
1754587330.0494685,0.054412
1754587330.2555935,0.134380
1754587330.547392,0.075341
1754587330.6729097,0.054778
1754587330.729078,0.019549
1754587330.7906182,0.016987
1754587330.841767,0.018055
1754587330.9111674,0.020163
1754587330.9634075,0.018620
1754587331.0151703,0.022270
1754587331.0707626,0.023070
1754587331.145244,0.028996
1754587331.2232013,0.031262
1754587331.2985508,0.029532
1754587331.3629787,0.022315
1754587331.4672315,0.035472
1754587331.5379333,0.026612
1754587331.5857885,0.016824
1754587331.6239603,0.011127
1754587331.6725595,0.017143
1754587331.7129974,0.012657
1754587331.770459,0.020921
1754587331.8170826,0.016810
1754587331.858124,0.012300
1754587332.1747334,0.055093
1754587332.3824606,0.097412
1754587332.4847467,0.029981
1754587332.5216553,0.012898
1754587332.5546067,0.012920
1754587332.5944946,0.015423
1754587332.6361287,0.015263
1754587332.6797323,0.015178
1754587332.7163107,0.014202
1754587332.7533245,0.013745
1754587332.8009799,0.015630
1754587332.8470309,0.018518
1754587332.8989942,0.014004
1754587332.9489832,0.015456
1754587332.993816,0.017249
1754587333.034365,0.013897
1754587333.087108,0.019777
1754587333.1316288,0.019832
1754587333.1968741,0.032048
1754587333.268615,0.032850
1754587333.333252,0.026586
1754587333.4020364,0.031908
1754587333.477653,0.033710
1754587333.5595653,0.039129
1754587333.6369278,0.028315
1754587333.7012906,0.014351
1754587333.7439737,0.016031
1754587333.7873647,0.012525
1754587333.8320522,0.018517
1754587333.8846948,0.025770
1754587333.9258547,0.010602
1754587334.0904145,0.050062
1754587334.258276,0.030483
1754587334.3190815,0.018594
1754587334.3517163,0.012514
1754587334.3980415,0.018666
1754587334.4610894,0.017750
1754587334.5303977,0.024905
1754587334.5715396,0.014814
1754587334.608817,0.014056
1754587334.662981,0.023743
1754587334.7020795,0.014033
1754587334.7377782,0.010557
1754587334.7727013,0.011087
1754587334.8093712,0.011623
1754587334.8525581,0.014734
1754587334.891319,0.012718
1754587334.9281049,0.011735
1754587334.9722862,0.015081
1754587335.0126913,0.015029
1754587335.0497696,0.009544
1754587335.0959034,0.013145
1754587335.1280005,0.011540
1754587335.176584,0.017207
1754587335.254505,0.028387
1754587335.324387,0.019605
1754587335.3825953,0.017366
1754587335.5345058,0.111391
1754587335.6315105,0.055452
1754587335.6926003,0.017561
1754587335.7378345,0.020072
1754587335.7753825,0.011517
1754587335.8157947,0.015302
1754587335.8514118,0.012669
1754587335.886529,0.011539
1754587335.9245396,0.009028
1754587335.9660788,0.010515
1754587336.1631162,0.035847
1754587336.3703163,0.043126
1754587336.465422,0.042701
1754587336.5116303,0.015876
1754587336.5476243,0.013191
1754587336.5836184,0.012524
1754587336.6171527,0.012533
1754587336.6579425,0.013247
1754587336.690706,0.011297
1754587336.7365093,0.010526
1754587336.7734554,0.012936
1754587336.8206546,0.015682
1754587336.8917258,0.022792
1754587336.9529552,0.021272
1754587337.0288565,0.019712
1754587337.0941093,0.017505
1754587337.1295135,0.012180
1754587337.166544,0.014518
1754587337.2050006,0.018062
1754587337.2466288,0.010725
1754587337.2958395,0.018124
1754587337.3370075,0.014171
1754587337.3834581,0.016706
1754587337.4280462,0.013926
1754587337.4789765,0.019225
1754587337.5238059,0.018636
1754587337.5727203,0.015307
1754587337.626577,0.018235
1754587337.6703808,0.013134
1754587337.7003279,0.010011
1754587337.7437668,0.017273
1754587337.7836308,0.014466
1754587337.8257887,0.012022
1754587337.8723857,0.016159
1754587337.9085581,0.013511
1754587337.9489644,0.010216
1754587338.1203227,0.063960
1754587338.3107944,0.139213
1754587338.3958194,0.025472
1754587338.4536252,0.014406
1754587338.4946702,0.014267
1754587338.529498,0.012302
1754587338.5687692,0.014892
1754587338.6043346,0.013543
1754587338.6421568,0.013663
1754587338.682729,0.015022
1754587338.7332227,0.017264
1754587338.7766356,0.012754
1754587338.8273275,0.012671
1754587338.874078,0.016532
1754587338.9238672,0.022367
1754587338.9941585,0.031617
1754587339.0465257,0.018275
1754587339.1037414,0.022214
1754587339.146515,0.012650
1754587339.1858,0.013406
1754587339.2197266,0.012023
1754587339.2586539,0.010513
1754587339.290471,0.015108
1754587339.330314,0.011788
1754587339.369272,0.011518
1754587339.418421,0.021208
1754587339.4617407,0.011174
1754587339.5047946,0.017481
1754587339.542672,0.016767
1754587339.585176,0.010514
1754587339.6335964,0.012880
1754587339.678178,0.014518
1754587339.7205038,0.018919
1754587339.7634196,0.012872
1754587339.807082,0.015382
1754587339.8488054,0.019643
1754587339.8954575,0.018062
1754587339.9491763,0.013942
1754587340.0028677,0.019355
1754587340.1626258,0.108082
1754587340.3589664,0.084243
1754587340.443598,0.020872
1754587340.4769752,0.012201
1754587340.5155356,0.013346
1754587340.5552218,0.016969
1754587340.5997205,0.015511
1754587340.6430387,0.014168
1754587340.6788452,0.012097
1754587340.733122,0.013731
1754587340.7838693,0.018063
1754587340.823477,0.011009
1754587340.8713217,0.010909
1754587340.9137418,0.011064
1754587340.9612572,0.017524
1754587341.0043356,0.018919
1754587341.0491755,0.016509
1754587341.0990329,0.018246
1754587341.1416745,0.016145
1754587341.182995,0.011229
1754587341.2205856,0.009516
1754587341.2565637,0.010049
1754587341.307042,0.014143
1754587341.3441582,0.010450
1754587341.3889673,0.014516
1754587341.4378026,0.014131
1754587341.4904177,0.018665
1754587341.5347238,0.018416
1754587341.5853748,0.015027
1754587341.6412535,0.016983
1754587341.7006164,0.016115
1754587341.745728,0.022000
1754587341.798435,0.017837
1754587341.84062,0.012102
1754587341.8765752,0.016025
1754587341.918005,0.013527
1754587341.9618597,0.014780
1754587342.0005853,0.016917
1754587342.0439627,0.014729
1754587342.1370125,0.058510
1754587342.3234193,0.080340
1754587342.4504094,0.033425
1754587342.483606,0.011088
1754587342.5127761,0.009141
1754587342.5443294,0.012528
1754587342.5777106,0.011827
1754587342.615849,0.014312
1754587342.674044,0.025725
1754587342.7532544,0.042000
1754587342.8033016,0.014216
1754587342.8577967,0.019505
1754587342.9019456,0.015908
1754587342.9423566,0.012048
1754587342.9848943,0.014931
1754587343.0223007,0.012683
1754587343.0593576,0.012525
1754587343.104094,0.015673
1754587343.1571748,0.027320
1754587343.2116141,0.018523
1754587343.2498085,0.010149
1754587343.2842042,0.008504
1754587343.3208544,0.010819
1754587343.3543022,0.008510
1754587343.397515,0.013536
1754587343.4424586,0.013701
1754587343.4797544,0.010978
1754587343.514609,0.011300
1754587343.560328,0.013539
1754587343.5909598,0.010590
1754587343.6396859,0.016624
1754587343.6945283,0.024552
1754587343.7374961,0.010516
1754587343.7757363,0.014193
1754587343.8188167,0.017411
1754587343.8578908,0.011502
1754587343.9035597,0.016938
1754587343.9363928,0.010026
1754587343.985136,0.020582
1754587344.0211854,0.011530
1754587344.0536215,0.009960
1754587344.091383,0.012294
1754587344.1639366,0.042697
1754587344.3707237,0.064663
1754587344.5251424,0.041414
1754587344.580517,0.011641
1754587344.616962,0.015912
1754587344.6894925,0.045425
1754587344.7334769,0.015822
1754587344.770636,0.011515
1754587344.803449,0.012015
1754587344.844434,0.019044
1754587344.89161,0.015567
1754587344.9305615,0.011597
1754587344.9665744,0.009511
1754587345.011008,0.012039
1754587345.0608346,0.011520
1754587345.0946007,0.009526
1754587345.1396632,0.016979
1754587345.1775928,0.010519
1754587345.2177196,0.010081
1754587345.2668383,0.011513
1754587345.3128383,0.015383
1754587345.348899,0.012287
1754587345.386601,0.009509
1754587345.4256418,0.011908
1754587345.4691477,0.010350
1754587345.5134478,0.009114
1754587345.5546541,0.014805
1754587345.5934038,0.011748
1754587345.6408722,0.012448
1754587345.7120075,0.038240
1754587345.7680829,0.017072
1754587345.8140044,0.014073
1754587345.8747897,0.016094
1754587345.9138846,0.014998
1754587345.9553828,0.011801
1754587346.0015492,0.015546
1754587346.039676,0.014380
1754587346.0790646,0.010521
1754587346.1168153,0.011039
1754587346.2075355,0.048975
1754587346.4405062,0.081570
1754587346.5744374,0.025874
1754587346.629331,0.011030
1754587346.6645594,0.011880
1754587346.7055106,0.018043
1754587346.7559621,0.016910
1754587346.7954676,0.013825
1754587346.8276253,0.011871
1754587346.8611467,0.014685
1754587346.9046452,0.013782
1754587346.935359,0.010038
1754587346.9714284,0.009999
1754587347.0066676,0.009523
1754587347.0473301,0.009513
1754587347.0857909,0.011054
1754587347.1232457,0.010895
1754587347.1583345,0.015531
1754587347.1945586,0.010031
1754587347.241361,0.020754
1754587347.295124,0.028717
1754587347.3344202,0.010038
1754587347.3720124,0.012301
1754587347.414158,0.014045
1754587347.4537077,0.012208
1754587347.4918685,0.010306
1754587347.5316172,0.011908
1754587347.5753186,0.016316
1754587347.61379,0.017431
1754587347.6596591,0.016143
1754587347.7033916,0.013819
1754587347.7489285,0.015793
1754587347.811649,0.014055
1754587347.8631618,0.020527
1754587347.9050093,0.011031
1754587347.9523246,0.010938
1754587347.9878008,0.013147
1754587348.0306525,0.010148
1754587348.0715108,0.010965
1754587348.1206899,0.016774
1754587348.2149377,0.046275
1754587348.428795,0.050272
1754587348.6492765,0.030136
1754587348.6945677,0.010119
1754587348.7256575,0.011894
1754587348.7636924,0.010523
1754587348.8027606,0.014951
1754587348.8384306,0.012819
1754587348.8675275,0.011526
1754587348.899168,0.011339
1754587348.9435594,0.014254
1754587348.979374,0.010615
1754587349.022178,0.013424
1754587349.0512342,0.010010
1754587349.087775,0.009514
1754587349.1247833,0.011082
1754587349.1637363,0.010524
1754587349.1996405,0.015520
1754587349.2344031,0.009559
1754587349.2692554,0.010509
1754587349.3054192,0.008514
1754587349.3489032,0.014390
1754587349.3845952,0.012126
1754587349.4286602,0.015029
1754587349.4644399,0.010510
1754587349.4977286,0.008373
1754587349.5318391,0.008550
1754587349.5643845,0.008511
1754587349.5974703,0.009032
1754587349.6336064,0.009263
1754587349.68248,0.011092
1754587349.7097301,0.009254
1754587349.7516484,0.015649
1754587349.7945023,0.021779
1754587349.8341217,0.013512
1754587349.894455,0.016128
1754587349.930383,0.015706
1754587349.9689653,0.009795
1754587350.0138643,0.012383
1754587350.049498,0.014521
1754587350.0928922,0.013893
1754587350.1316245,0.013663
1754587350.1627572,0.009261
1754587350.207959,0.016470
1754587350.5513525,0.313112
1754587350.805558,0.162326
1754587350.9115262,0.030950
1754587350.9517152,0.012058
1754587350.981934,0.011200
1754587351.0124753,0.010513
1754587351.04671,0.012139
1754587351.082292,0.010534
1754587351.113462,0.010130
1754587351.1457424,0.014153
1754587351.1913736,0.020813
1754587351.2206724,0.008998
1754587351.261631,0.012308
1754587351.2974691,0.015527
1754587351.336805,0.010846
1754587351.3708665,0.012021
1754587351.4268258,0.021530
1754587351.4906757,0.023562
1754587351.5417519,0.019045
1754587351.5818121,0.011220
1754587351.6222773,0.012460
1754587351.6653202,0.013734
1754587351.7052188,0.010017
1754587351.7483447,0.016523
1754587351.7867157,0.011413
1754587351.8303435,0.011538
1754587351.872813,0.013029
1754587351.906966,0.011127
1754587351.9465644,0.012570
1754587351.9885242,0.014045
1754587352.0358996,0.013337
1754587352.079168,0.013385
1754587352.1134675,0.013139
1754587352.159217,0.015723
1754587352.2055867,0.019780
1754587352.2677233,0.016107
1754587352.5486093,0.064473
1754587352.7267253,0.023283
1754587352.7857158,0.015052
1754587352.827983,0.015673
1754587352.8657458,0.012632
1754587352.9082139,0.013555
1754587352.9550998,0.013549
1754587352.992337,0.015560
1754587353.0413253,0.022436
1754587353.085686,0.013222
1754587353.1310894,0.011891
1754587353.1745806,0.014419
1754587353.2303681,0.016783
1754587353.266945,0.014506
1754587353.3067133,0.010622
1754587353.3463583,0.010080
1754587353.3889823,0.013522
1754587353.4434376,0.018759
1754587353.4884677,0.020806
1754587353.5515122,0.024811
1754587353.5971763,0.011531
1754587353.6407847,0.013576
1754587353.6825156,0.013522
1754587353.717678,0.011527
1754587353.7541628,0.010498
1754587353.7948916,0.011508
1754587353.8433313,0.018106
1754587353.8863742,0.014793
1754587353.9363856,0.018048
1754587353.9780295,0.011627
1754587354.0336587,0.017024
1754587354.0859206,0.021023
1754587354.14819,0.021814
1754587354.196983,0.014385
1754587354.2558446,0.015209
1754587354.466171,0.089120
1754587354.684841,0.102933
1754587354.7611446,0.022143
1754587354.7937298,0.009724
1754587354.8238494,0.009511
1754587354.8532522,0.009507
1754587354.8876078,0.011678
1754587354.9206283,0.013754
1754587354.9536376,0.011244
1754587354.987218,0.011554
1754587355.0256803,0.009512
1754587355.0623982,0.011639
1754587355.1033206,0.010789
1754587355.1359053,0.009548
1754587355.171575,0.010013
1754587355.2035112,0.010160
1754587355.2379298,0.011953
1754587355.270643,0.009161
1754587355.312042,0.014720
1754587355.3470843,0.015525
1754587355.3788283,0.009098
1754587355.4164596,0.016644
1754587355.4546363,0.011517
1754587355.487917,0.009523
1754587355.5303633,0.011853
1754587355.5735178,0.012726
1754587355.623086,0.016619
1754587355.6678379,0.019352
1754587355.7087755,0.012747
1754587355.749636,0.016298
1754587355.7830267,0.012436
1754587355.8183331,0.012725
1754587355.8617756,0.019260
1754587355.9119864,0.016347
1754587355.9534104,0.012574
1754587356.0048347,0.022057
1754587356.050508,0.017654
1754587356.0972257,0.013613
1754587356.1573727,0.021679
1754587356.198835,0.014565
1754587356.235704,0.010115
1754587356.2760997,0.011852
1754587356.357464,0.032635
1754587356.6139529,0.052454
1754587356.809262,0.020081
1754587356.8623233,0.011711
1754587356.8951843,0.010517
1754587356.9248724,0.010535
1754587356.9590662,0.013588
1754587356.9905856,0.011746
1754587357.022661,0.009519
1754587357.0522168,0.011492
1754587357.0851939,0.011290
1754587357.1342435,0.016879
1754587357.1676483,0.014484
1754587357.202794,0.009197
1754587357.2361372,0.009040
1754587357.2760355,0.011345
1754587357.3107164,0.009009
1754587357.3425221,0.008329
1754587357.3836362,0.012933
1754587357.4185247,0.014759
1754587357.4573436,0.012097
1754587357.4963264,0.011712
1754587357.5305088,0.011156
1754587357.579417,0.019111
1754587357.6203969,0.010516
1754587357.6669085,0.017141
1754587357.7120874,0.014443
1754587357.751552,0.009857
1754587357.7897403,0.014410
1754587357.8284976,0.011143
1754587357.8618689,0.009537
1754587357.902716,0.009067
1754587357.9424796,0.013005
1754587357.9755983,0.014154
1754587358.0113354,0.010690
1754587358.048882,0.010401
1754587358.0955627,0.014827
1754587358.1362236,0.013054
1754587358.177312,0.013524
1754587358.223819,0.016052
1754587358.2625158,0.011142
1754587358.3105729,0.013234
1754587358.4529698,0.114203
1754587358.5447857,0.028845
1754587358.7577162,0.034334
1754587358.8248017,0.019069
1754587358.8558996,0.012272
1754587358.8883338,0.011876
1754587358.9247217,0.015563
1754587358.9635124,0.014482
1754587358.9965863,0.009504
1754587359.0277557,0.010515
1754587359.0603895,0.010607
1754587359.1036599,0.011539
1754587359.1415079,0.010671
1754587359.1936643,0.020993
1754587359.247105,0.014496
1754587359.3049972,0.022026
1754587359.3462577,0.017414
1754587359.4087374,0.026155
1754587359.4703846,0.020873
1754587359.518496,0.011700
1754587359.5791006,0.024326
1754587359.6245518,0.013211
1754587359.6690056,0.014213
1754587359.7304106,0.025089
1754587359.8034322,0.029489
1754587359.8768735,0.025529
1754587359.9374764,0.022403
1754587360.0017087,0.025179
1754587360.0505176,0.015770
1754587360.1118424,0.014674
1754587360.1732566,0.017255
1754587360.2238662,0.015816
1754587360.2780151,0.017503
1754587360.3583403,0.033747
1754587360.585541,0.137422
1754587360.7475035,0.049856
1754587360.9638944,0.034096
1754587361.048447,0.019794
1754587361.0828571,0.011125
1754587361.1193688,0.013679
1754587361.1566963,0.017966
1754587361.198669,0.013156
1754587361.2323754,0.011662
1754587361.2688816,0.012520
1754587361.312481,0.013589
1754587361.346619,0.008526
1754587361.3907368,0.011888
1754587361.4406538,0.012804
1754587361.486695,0.018346
1754587361.525203,0.011923
1754587361.5647633,0.013045
1754587361.6075292,0.017938
1754587361.6495228,0.011407
1754587361.6887918,0.012519
1754587361.727308,0.014278
1754587361.7715702,0.011541
1754587361.8134532,0.013099
1754587361.8605778,0.015576
1754587361.8992343,0.011704
1754587361.9388175,0.011147
1754587361.9790804,0.016415
1754587362.0249317,0.010704
1754587362.0596046,0.011526
1754587362.0984163,0.010066
1754587362.1403868,0.011230
1754587362.1787777,0.010191
1754587362.228338,0.015612
1754587362.2781808,0.013499
1754587362.3285935,0.016029
1754587362.3633833,0.011896
1754587362.405589,0.013071
1754587362.5564177,0.094682
1754587362.7675478,0.141515
1754587362.905686,0.032296
1754587362.9827683,0.014935
1754587363.0248892,0.014195
1754587363.0652027,0.015522
1754587363.1050858,0.015037
1754587363.1493425,0.017732
1754587363.1904988,0.013535
1754587363.2312543,0.017420
1754587363.288505,0.019334
1754587363.3507552,0.017270
1754587363.4021366,0.021637
1754587363.4515946,0.013062
1754587363.4978898,0.011158
1754587363.5458298,0.014477
1754587363.5930276,0.017608
1754587363.63549,0.010924
1754587363.678006,0.014550
1754587363.7087436,0.009202
1754587363.7493207,0.016651
1754587363.7892694,0.014805
1754587363.830792,0.013559
1754587363.872315,0.013594
1754587363.9118454,0.012400
1754587363.9488492,0.008013
1754587363.9845219,0.008116
1754587364.0220315,0.010205
1754587364.068448,0.014617
1754587364.1003294,0.009514
1754587364.1427908,0.015598
1754587364.176718,0.014346
1754587364.2268264,0.019623
1754587364.2853878,0.018968
1754587364.3283834,0.021249
1754587364.3816347,0.017104
1754587364.4259121,0.013524
1754587364.6268077,0.055297
1754587364.858239,0.096415
1754587364.9424036,0.025753
1754587364.9907155,0.011559
1754587365.0225656,0.009613
1754587365.0535207,0.009984
1754587365.088634,0.011069
1754587365.1288273,0.013099
1754587365.1594713,0.009049
1754587365.193752,0.010517
1754587365.2346237,0.013535
1754587365.2743058,0.013632
1754587365.317564,0.014910
1754587365.362802,0.010270
1754587365.410351,0.016616
1754587365.4517043,0.011803
1754587365.4904356,0.011817
1754587365.5254788,0.011929
1754587365.5724714,0.016804
1754587365.6020377,0.009524
1754587365.643321,0.012539
1754587365.6779084,0.015371
1754587365.715772,0.010020
1754587365.7518988,0.011000
1754587365.7877796,0.011124
1754587365.8318684,0.016354
1754587365.870439,0.016871
1754587365.9128277,0.011326
1754587365.9597244,0.018329
1754587365.9945633,0.010027
1754587366.0286043,0.010536
1754587366.0668569,0.010162
1754587366.1024961,0.010509
1754587366.143862,0.010082
1754587366.1821005,0.018758
1754587366.223437,0.011115
1754587366.2739387,0.011956
1754587366.3105223,0.011089
1754587366.348974,0.012663
1754587366.3981397,0.013987
1754587366.4545527,0.017769
1754587366.5290945,0.022892
1754587366.712813,0.042640
1754587366.9354508,0.032641
1754587367.008165,0.021049
1754587367.0505776,0.016588
1754587367.0990226,0.013176
1754587367.1392252,0.013615
1754587367.1740532,0.014695
1754587367.2063787,0.011582
1754587367.2376518,0.010518
1754587367.2868068,0.016227
1754587367.3289914,0.011827
1754587367.37152,0.014860
1754587367.4090521,0.012093
1754587367.4495428,0.012530
1754587367.494811,0.012608
1754587367.5267625,0.013138
1754587367.5677688,0.014340
1754587367.5994163,0.012086
1754587367.6354134,0.011562
1754587367.666677,0.009521
1754587367.705788,0.013189
1754587367.7416165,0.014868
1754587367.7770767,0.012403
1754587367.8146617,0.009619
1754587367.8507872,0.009056
1754587367.8928943,0.016436
1754587367.9239023,0.011951
1754587367.9726899,0.012228
1754587368.0287864,0.013304
1754587368.0662153,0.013701
1754587368.1057487,0.012031
1754587368.1430047,0.010518
1754587368.1966503,0.019450
1754587368.269003,0.026823
1754587368.3151443,0.011757
1754587368.358102,0.013728
1754587368.4167876,0.029959
1754587368.4763892,0.025458
1754587368.7219796,0.170960
1754587368.9285808,0.141802
1754587369.0362804,0.034579
1754587369.3129053,0.233442
1754587369.353764,0.011363
1754587369.3893647,0.012790
1754587369.4247627,0.015731
1754587369.4623916,0.013149
1754587369.5045352,0.016738
1754587369.5461605,0.014683
1754587369.5890224,0.015629
1754587369.6297777,0.009963
1754587369.6792233,0.014841
1754587369.7253873,0.017576
1754587369.765883,0.012126
1754587369.8304982,0.023393
1754587369.8733,0.009528
1754587369.9073846,0.010037
1754587369.944111,0.012589
1754587369.9807022,0.014348
1754587370.0164485,0.011530
1754587370.0546746,0.017563
1754587370.0946386,0.011138
1754587370.1392305,0.014454
1754587370.1793768,0.018637
1754587370.2160957,0.010388
1754587370.259038,0.014463
1754587370.295205,0.012093
1754587370.3319323,0.009508
1754587370.36795,0.009330
1754587370.4090278,0.013478
1754587370.4584672,0.018035
1754587370.5083096,0.016533
1754587370.6779342,0.126030
1754587370.8340447,0.049975
1754587371.053624,0.031654
1754587371.1577122,0.033267
1754587371.1973107,0.012043
1754587371.2311676,0.012037
1754587371.2688637,0.014575
1754587371.303895,0.011528
1754587371.3455415,0.011262
1754587371.383457,0.013006
1754587371.4263396,0.016580
1754587371.4675722,0.014543
1754587371.5026646,0.011063
1754587371.5367525,0.010517
1754587371.57871,0.014359
1754587371.6289022,0.022465
1754587371.690508,0.021713
1754587371.7485335,0.024932
1754587371.809087,0.019805
1754587371.8805583,0.017086
1754587371.9324687,0.014328
1754587371.964723,0.009127
1754587372.0089939,0.011519
1754587372.043936,0.008379
1754587372.0837,0.013364
1754587372.1292162,0.015137
1754587372.1646075,0.014242
1754587372.2007911,0.008481
1754587372.2355978,0.010985
1754587372.2734983,0.009514
1754587372.3185613,0.012518
1754587372.3506503,0.008523
1754587372.3949115,0.016539
1754587372.4617221,0.022204
1754587372.5243316,0.026136
1754587372.65478,0.071716
1754587372.8804018,0.055523
1754587373.0959978,0.051581
1754587373.181324,0.026920
1754587373.23482,0.012371
1754587373.273213,0.011730
1754587373.3134959,0.015629
1754587373.3513641,0.013776
1754587373.397557,0.018039
1754587373.435769,0.013285
1754587373.4725654,0.013635
1754587373.5236485,0.018883
1754587373.5594378,0.014564
1754587373.6016612,0.013326
1754587373.644417,0.011528
1754587373.6909742,0.019701
1754587373.7313285,0.012547
1754587373.7791843,0.015524
1754587373.8206966,0.018024
1754587373.8630705,0.012733
1754587373.9037719,0.012112
1754587373.9433188,0.015001
1754587373.984643,0.009509
1754587374.025899,0.012352
1754587374.07034,0.016524
1754587374.1454246,0.032613
1754587374.211592,0.017797
1754587374.2652142,0.015590
1754587374.3240871,0.015290
1754587374.386175,0.017094
1754587374.4638011,0.017027
1754587374.5274973,0.015069
1754587374.5855644,0.020934
1754587374.7080402,0.087028
1754587374.882895,0.053912
1754587375.1776001,0.030429
1754587375.252818,0.025087
1754587375.2934167,0.011515
1754587375.3312461,0.013553
1754587375.372071,0.017486
1754587375.4130287,0.012553
1754587375.462203,0.013072
1754587375.4995975,0.012921
1754587375.554237,0.020947
1754587375.6188185,0.014328
1754587375.6859958,0.027761
1754587375.7528288,0.021227
1754587375.7943456,0.011529
1754587375.8553956,0.023116
1754587375.9005625,0.014926
1754587375.951616,0.016117
1754587375.9972742,0.013530
1754587376.0641315,0.016007
1754587376.104344,0.010514
1754587376.1560335,0.022706
1754587376.229728,0.029577
1754587376.2951047,0.019028
1754587376.3558915,0.018883
1754587376.4114742,0.016041
1754587376.4838133,0.024925
1754587376.5552194,0.029115
1754587376.6161625,0.018642
1754587376.7785747,0.125142
1754587376.918525,0.054471
1754587377.1059034,0.027193
1754587377.17285,0.024452
1754587377.2094462,0.012596
1754587377.2525325,0.015996
1754587377.2971308,0.014405
1754587377.338338,0.016917
1754587377.3764267,0.014527
1754587377.4144423,0.014142
1754587377.4705646,0.016553
1754587377.522703,0.020943
1754587377.5706036,0.015697
1754587377.6326637,0.017704
1754587377.6914093,0.014693
1754587377.756774,0.015259
1754587377.8148487,0.015887
1754587377.8782914,0.023445
1754587377.926642,0.013598
1754587377.9856303,0.025995
1754587378.0336676,0.013991
1754587378.0952063,0.018229
1754587378.1537905,0.014124
1754587378.203678,0.012264
1754587378.2517471,0.016244
1754587378.307472,0.020350
1754587378.3555932,0.011047
1754587378.4064174,0.018854
1754587378.457056,0.020531
1754587378.557032,0.057621
1754587378.6339233,0.019369
1754587378.6898608,0.016300
1754587378.751582,0.032279
1754587378.9489932,0.041150
1754587379.2004774,0.031337
1754587379.2746866,0.020997
1754587379.323306,0.016157
1754587379.369779,0.016217
1754587379.4252427,0.018316
1754587379.4708097,0.016820
1754587379.5089817,0.012120
1754587379.5447567,0.011671
1754587379.598917,0.025872
1754587379.666963,0.030417
1754587379.7387838,0.021053
1754587379.7904398,0.015976
1754587379.837184,0.016041
1754587379.9156837,0.015533
1754587379.9792445,0.018616
1754587380.0427828,0.023073
1754587380.100604,0.018732
1754587380.146489,0.011557
1754587380.1940384,0.014561
1754587380.2388308,0.013182
1754587380.289667,0.017171
1754587380.3366528,0.011557
1754587380.3875217,0.019137
1754587380.4447255,0.017695
1754587380.493768,0.015900
1754587380.5557373,0.013950
1754587380.6105757,0.020511
1754587380.6619892,0.024341
1754587380.7088485,0.016125
1754587380.9083219,0.080173
1754587381.136658,0.144902
1754587381.2771466,0.032802
1754587381.3484292,0.026128
1754587381.3864763,0.012109
1754587381.4263666,0.017270
1754587381.468854,0.011523
1754587381.5087242,0.014240
1754587381.5424402,0.011057
1754587381.5736933,0.011634
1754587381.6163933,0.016944
1754587381.6569328,0.010563
1754587381.6958244,0.011146
1754587381.7479362,0.018936
1754587381.788555,0.011067
1754587381.8307798,0.011491
1754587381.8703103,0.015671
1754587381.910625,0.010691
1754587381.9603415,0.017061
1754587381.9996345,0.012515
1754587382.0403583,0.011988
1754587382.0824373,0.011696
1754587382.1194823,0.011534
1754587382.1739883,0.019068
1754587382.217113,0.013585
1754587382.2619624,0.016075
1754587382.3063765,0.014464
1754587382.3503556,0.014899
1754587382.3846164,0.012145
1754587382.4259474,0.011472
1754587382.4633234,0.010533
1754587382.4977322,0.010072
1754587382.5486302,0.016424
1754587382.5869613,0.015532
1754587382.6324668,0.014603
1754587382.6825202,0.017888
1754587382.724084,0.013375
1754587382.7935183,0.020074
1754587383.0314858,0.043058
1754587383.2437906,0.043077
1754587383.310691,0.020704
1754587383.349168,0.010177
1754587383.3846087,0.013148
1754587383.441984,0.025136
1754587383.4989462,0.023230
1754587383.550362,0.016256
1754587383.5930974,0.016876
1754587383.6452556,0.014115
1754587383.6825194,0.017584
1754587383.7252173,0.013584
1754587383.795683,0.019739
1754587383.8594513,0.022217
1754587383.906378,0.011512
1754587383.9542577,0.015364
1754587383.9934788,0.009515
1754587384.0393748,0.015612
1754587384.075795,0.010157
1754587384.1164083,0.009514
1754587384.156483,0.010053
1754587384.1948547,0.010084
1754587384.2395508,0.012529
1754587384.282712,0.012246
1754587384.3253615,0.012698
1754587384.3688524,0.011050
1754587384.4145222,0.015658
1754587384.4518237,0.014229
1754587384.4905722,0.009008
1754587384.5287964,0.010523
1754587384.5776498,0.018803
1754587384.6184087,0.012751
1754587384.678416,0.019580
1754587384.737336,0.031154
1754587384.8015413,0.024975
1754587384.9319255,0.086931
1754587385.200346,0.105566
1754587385.3244452,0.028778
1754587385.4108388,0.044393
1754587385.4592035,0.016435
1754587385.5014398,0.013826
1754587385.553902,0.015586
1754587385.6051111,0.013544
1754587385.647405,0.017658
1754587385.699757,0.014259
1754587385.7595167,0.017530
1754587385.8226511,0.017807
1754587385.8766606,0.014143
1754587385.9135973,0.009514
1754587385.9492466,0.011622
1754587385.9965882,0.015850
1754587386.0337453,0.010643
1754587386.0692172,0.011401
1754587386.110466,0.011262
1754587386.1506052,0.014384
1754587386.1880994,0.010519
1754587386.2316928,0.012809
1754587386.2766244,0.013516
1754587386.3182294,0.013513
1754587386.3684037,0.018990
1754587386.429216,0.021163
1754587386.4876885,0.015245
1754587386.5587807,0.018817
1754587386.6055033,0.012517
1754587386.6505353,0.014191
1754587386.700473,0.011519
1754587386.7465918,0.016066
1754587386.7884283,0.016975
1754587386.8248355,0.010096
1754587386.8758676,0.014041
1754587386.9805694,0.052171
1754587387.2045658,0.089508
1754587387.3589268,0.039447
1754587387.472455,0.033389
1754587387.5096252,0.011318
1754587387.5445,0.011148
1754587387.581925,0.016215
1754587387.6170967,0.010516
1754587387.6538076,0.011046
1754587387.687593,0.012827
1754587387.7216487,0.011546
1754587387.764941,0.012526
1754587387.8045044,0.014106
1754587387.8455112,0.011138
1754587387.8914218,0.017518
1754587387.9307885,0.015876
1754587387.9719453,0.012974
1754587388.0157285,0.015139
1754587388.0568347,0.016065
1754587388.0979657,0.011408
1754587388.144722,0.014993
1754587388.1816401,0.011569
1754587388.2275798,0.012625
1754587388.2670689,0.010919
1754587388.3160367,0.015491
1754587388.3591092,0.013530
1754587388.4162781,0.018300
1754587388.4758956,0.020917
1754587388.5224717,0.018380
1754587388.5638626,0.011885
1754587388.610709,0.015524
1754587388.6518126,0.012115
1754587388.6926908,0.011731
1754587388.744097,0.013006
1754587388.7998693,0.015968
1754587388.835844,0.011408
1754587388.8754597,0.010513
1754587388.9148974,0.009514
1754587388.9997258,0.023220
1754587389.1883981,0.041291
1754587389.4004576,0.029222
1754587389.4650352,0.017550
1754587389.5041611,0.014504
1754587389.54748,0.016157
1754587389.5954103,0.013869
1754587389.6434011,0.016391
1754587389.6815646,0.011531
1754587389.7214265,0.014038
1754587389.7695389,0.013092
1754587389.8031645,0.009513
1754587389.8438463,0.010074
1754587389.8856444,0.014931
1754587389.9278002,0.012355
1754587389.9792907,0.018036
1754587390.0255182,0.016991
1754587390.0644853,0.010857
1754587390.1055324,0.012589
1754587390.1523914,0.015470
1754587390.1922674,0.010519
1754587390.2378118,0.015111
1754587390.2703109,0.010516
1754587390.3147218,0.014738
1754587390.3506467,0.012529
1754587390.3855958,0.010105
1754587390.4349747,0.014733
1754587390.4787388,0.015083
1754587390.5347698,0.018019
1754587390.5804594,0.012655
1754587390.6376164,0.013683
1754587390.6803188,0.017596
1754587390.7409782,0.022052
1754587390.8020315,0.016096
1754587390.8724732,0.011981
1754587390.9198692,0.012898
1754587390.9721491,0.013654
1754587391.1964433,0.160844
1754587391.371224,0.101790
1754587391.5131307,0.032536
1754587391.5881152,0.026768
1754587391.6348844,0.016320
1754587391.690505,0.016375
1754587391.7407305,0.016026
1754587391.7792335,0.014524
1754587391.8144069,0.012925
1754587391.8488848,0.012515
1754587391.895908,0.017701
1754587391.9445188,0.016342
1754587392.0028226,0.018946
1754587392.055059,0.014642
1754587392.1007347,0.016056
1754587392.142279,0.011960
1754587392.1880703,0.014168
1754587392.221617,0.011373
1754587392.2752771,0.017818
1754587392.3479142,0.024133
1754587392.4055552,0.017368
1754587392.457509,0.012661
1754587392.5091882,0.013491
1754587392.574767,0.018312
1754587392.6648378,0.045354
1754587392.775435,0.030417
1754587392.8257637,0.016341
1754587392.9986427,0.059402
1754587393.837312,0.036872
1754587394.1015167,0.036214
1754587394.1748776,0.024499
1754587394.2288654,0.022483
1754587394.3083348,0.026628
1754587394.3921583,0.037676
1754587394.4904265,0.027009
1754587394.5805366,0.047211
1754587394.642592,0.022030
1754587394.7252312,0.015697
1754587394.7858386,0.015057
1754587394.8333416,0.018037
1754587394.8783243,0.014130
1754587394.9315603,0.019984
1754587394.9925165,0.024234
1754587395.1676059,0.112401
1754587395.340455,0.087622
1754587395.5635092,0.036139
1754587395.6466844,0.033291
1754587395.6903503,0.014592
1754587395.7293422,0.013048
1754587395.7670155,0.010584
1754587395.8035054,0.010695
1754587395.8428917,0.009024
1754587395.8762746,0.010767
1754587395.9077115,0.010260
1754587395.9446023,0.009051
1754587395.9772632,0.010501
1754587396.0161061,0.010358
1754587396.0548713,0.014110
1754587396.101918,0.011604
1754587396.1436374,0.015661
1754587396.1813283,0.009588
1754587396.2176225,0.009589
1754587396.2515602,0.011083
1754587396.2957568,0.012937
1754587396.3327906,0.012989
1754587396.3748639,0.010166
1754587396.4282022,0.016547
1754587396.4718928,0.015593
1754587396.5089884,0.009774
1754587396.5559494,0.012811
1754587396.6003153,0.018287
1754587396.644609,0.017075
1754587396.7087953,0.018049
1754587396.7994187,0.019168
1754587396.8794086,0.018057
1754587396.9381156,0.013983
1754587396.9873269,0.015326
1754587397.035019,0.019846
1754587397.0876906,0.019377
1754587397.3742323,0.044779
1754587397.6342795,0.117429
1754587397.7245953,0.024984
1754587397.7816172,0.012850
1754587397.8178582,0.012154
1754587397.8556626,0.012942
1754587397.9119277,0.019192
1754587397.9560199,0.015353
1754587397.9886842,0.010384
1754587398.0205874,0.009008
1754587398.0525606,0.009073
1754587398.0880232,0.011866
1754587398.1280513,0.018878
1754587398.1650844,0.012059
1754587398.2086532,0.014677
1754587398.2552953,0.022544
1754587398.2877178,0.011515
1754587398.3233132,0.009935
1754587398.3534846,0.010700
1754587398.3907337,0.008014
1754587398.4390717,0.018764
1754587398.4691353,0.007546
1754587398.5064156,0.010528
1754587398.542498,0.010524
1754587398.5839927,0.011512
1754587398.6217334,0.015143
1754587398.667823,0.012334
1754587398.7071779,0.012453
1754587398.748957,0.012959
1754587398.791736,0.012492
1754587398.8286188,0.011018
1754587398.8734632,0.014391
1754587398.9222674,0.015032
1754587398.9641633,0.016491
1754587399.0007157,0.011105
1754587399.0367525,0.010130
1754587399.070501,0.011276
1754587399.1088398,0.010112
1754587399.143518,0.013045
1754587399.3358524,0.102025
1754587399.4727075,0.074372
1754587399.6638548,0.025894
1754587399.7213311,0.021885
1754587399.7592015,0.013519
1754587399.801837,0.021091
1754587399.8375924,0.012998
1754587399.8713388,0.011509
1754587399.9075775,0.009090
1754587399.939543,0.010515
1754587399.9733484,0.011703
1754587400.0052722,0.009727
1754587400.0363154,0.010516
1754587400.0717144,0.010011
1754587400.1036923,0.012224
1754587400.1581564,0.020581
1754587400.2103796,0.026076
1754587400.2991428,0.053571
1754587400.4023626,0.021742
1754587400.474423,0.012083
1754587400.512469,0.015568
1754587400.5503428,0.011523
1754587400.5885057,0.010886
1754587400.6225889,0.010784
1754587400.674412,0.015148
1754587400.7118053,0.013618
1754587400.748548,0.012160
1754587400.7890818,0.010715
1754587400.823854,0.012196
1754587400.8708904,0.010524
1754587400.9179103,0.019811
1754587400.9541814,0.012523
1754587400.995944,0.011042
1754587401.0609221,0.031822
1754587401.1088316,0.018354
1754587401.1506276,0.018688
1754587401.3688567,0.084390
1754587401.698428,0.234529
1754587401.7962193,0.033940
1754587401.8668513,0.014831
1754587401.9016287,0.012058
1754587401.9397073,0.012516
1754587401.9856834,0.019920
1754587402.021422,0.011914
1754587402.060825,0.013354
1754587402.0946503,0.011513
1754587402.1404681,0.016087
1754587402.1919324,0.014507
1754587402.267988,0.019548
1754587402.3317316,0.018061
1754587402.4080825,0.029161
1754587402.4680426,0.014326
1754587402.511702,0.012904
1754587402.5672047,0.022499
1754587402.6040208,0.011533
1754587402.6378357,0.014218
1754587402.6721635,0.010294
1754587402.7085469,0.016334
1754587402.7487822,0.014976
1754587402.81135,0.017788
1754587402.89077,0.032510
1754587402.9541414,0.014333
1754587403.0183773,0.018245
1754587403.057635,0.012867
1754587403.1194413,0.020283
1754587403.1785245,0.017837
1754587403.2303731,0.017945
1754587403.4444673,0.047500
1754587403.6765795,0.103957
1754587403.7588472,0.025416
1754587403.8077812,0.012205
1754587403.8421605,0.010339
1754587403.8816638,0.016381
1754587403.9246213,0.015452
1754587403.961447,0.012838
1754587404.003274,0.014051
1754587404.0525885,0.017039
1754587404.0988045,0.017411
1754587404.1365693,0.012828
1754587404.1758718,0.015179
1754587404.2218404,0.012289
1754587404.266587,0.017011
1754587404.30262,0.011044
1754587404.3444943,0.012749
1754587404.3980908,0.026821
1754587404.4558618,0.014065
1754587404.5105405,0.014446
1754587404.556369,0.020430
1754587404.593823,0.012225
1754587404.6495697,0.015773
1754587404.7061005,0.020971
1754587404.7488692,0.014869
1754587404.8008292,0.012032
1754587404.8438187,0.019026
1754587404.8786454,0.012831
1754587404.921888,0.012934
1754587404.9621837,0.013360
1754587405.0105546,0.013242
1754587405.0538507,0.011274
1754587405.0865839,0.012854
1754587405.138446,0.017951
1754587405.1764274,0.009838
1754587405.2125354,0.011109
1754587405.3916056,0.055613
1754587405.6266382,0.120082
1754587405.7064023,0.018842
1754587405.7636693,0.016829
1754587405.8082848,0.013585
1754587405.8553069,0.017419
1754587405.8998923,0.011821
1754587405.942455,0.016745
1754587405.9796355,0.012382
1754587406.014358,0.010834
1754587406.0560133,0.014629
1754587406.0954156,0.013395
1754587406.1327436,0.009911
1754587406.1643753,0.010068
1754587406.2019973,0.012814
1754587406.2360518,0.009517
1754587406.2750452,0.011569
1754587406.3183575,0.020118
1754587406.3570693,0.014550
1754587406.4142377,0.018974
1754587406.4597647,0.024582
1754587406.4966583,0.009518
1754587406.5418077,0.012319
1754587406.572452,0.011058
1754587406.6156297,0.011761
1754587406.6505795,0.012061
1754587406.6927946,0.011224
1754587406.7289615,0.014518
1754587406.7595134,0.010519
1754587406.793769,0.013761
1754587406.8244257,0.010553
1754587406.862433,0.013316
1754587406.8950205,0.012328
1754587406.933938,0.010516
1754587406.972965,0.011353
1754587407.0179067,0.013750
1754587407.065651,0.014272
1754587407.1103392,0.014826
1754587407.1438282,0.010260
1754587407.1810899,0.010542
1754587407.2154422,0.010397
1754587407.3765535,0.050806
1754587407.6031535,0.107718
1754587407.6844656,0.027613
1754587407.7240226,0.014992
1754587407.7583241,0.012530
1754587407.7909987,0.011521
1754587407.8282058,0.012141
1754587407.867257,0.014787
1754587407.9029276,0.012729
1754587407.9363694,0.012516
1754587407.9717555,0.010145
1754587408.0081358,0.012416
1754587408.047596,0.009084
1754587408.0794554,0.010876
1754587408.1158702,0.010801
1754587408.1471252,0.009534
1754587408.1852648,0.012520
1754587408.21428,0.009515
1754587408.2531588,0.010507
1754587408.2820535,0.010338
1754587408.3163319,0.009515
1754587408.3486223,0.010532
1754587408.383397,0.010035
1754587408.440741,0.028141
1754587408.4807353,0.013135
1754587408.5328643,0.015978
1754587408.5910327,0.035949
1754587408.6568735,0.030216
1754587408.7013965,0.010940
1754587408.7443607,0.012996
1754587408.7787416,0.011057
1754587408.823569,0.013158
1754587408.872666,0.018108
1754587408.9364564,0.034896
1754587408.9775643,0.014039
1754587409.0291739,0.015268
1754587409.075399,0.011955
1754587409.118302,0.014954
1754587409.156804,0.011103
1754587409.200505,0.011887
1754587409.247118,0.020645
1754587409.4529033,0.051252
1754587409.7160122,0.044364
1754587409.804188,0.043268
1754587409.8472235,0.013415
1754587409.8880894,0.015317
1754587409.9314911,0.015365
1754587409.9820592,0.016078
1754587410.0375452,0.018827
1754587410.0914986,0.015211
1754587410.139331,0.015484
1754587410.1807609,0.013646
1754587410.2425578,0.019690
1754587410.32826,0.041687
1754587410.415195,0.033114
1754587410.4938192,0.019121
1754587410.5596979,0.021404
1754587410.6219862,0.028898
1754587410.667472,0.013152
1754587410.727225,0.016628
1754587410.7755878,0.013908
1754587410.8306804,0.022997
1754587410.891533,0.024504
1754587410.9555206,0.022921
1754587411.0282571,0.025443
1754587411.0776443,0.014255
1754587411.1344879,0.016780
1754587411.1815162,0.013618
1754587411.2316968,0.019562
1754587411.279345,0.012224
1754587411.4749103,0.056130
1754587411.760712,0.206353
1754587411.8865762,0.051868
1754587411.9623735,0.031996
1754587411.9995694,0.011874
1754587412.0431018,0.018385
1754587412.095302,0.021826
1754587412.1455088,0.014936
1754587412.1889877,0.012997
1754587412.2273397,0.013580
1754587412.2708979,0.015770
1754587412.3120346,0.012676
1754587412.3564909,0.011546
1754587412.3905106,0.010677
1754587412.45492,0.013607
1754587412.5020115,0.012621
1754587412.5585952,0.015007
1754587412.6134195,0.025076
1754587412.6705165,0.020386
1754587412.7129898,0.012823
1754587412.7668238,0.012429
1754587412.810727,0.018260
1754587412.851575,0.013747
1754587412.9136295,0.015556
1754587412.967475,0.013922
1754587413.0143085,0.020196
1754587413.0651267,0.017696
1754587413.11244,0.013682
1754587413.1722167,0.014583
1754587413.2374368,0.020985
1754587413.2831495,0.017269
1754587413.3239865,0.011271
1754587413.5149126,0.068445
1754587413.7841585,0.200498
1754587413.8871267,0.040617
1754587413.9593012,0.016526
1754587413.9978218,0.012010
1754587414.0407915,0.014919
1754587414.089338,0.020482
1754587414.1340435,0.013627
1754587414.1789618,0.013841
1754587414.2204897,0.012962
1754587414.2713616,0.014278
1754587414.3083827,0.009970
1754587414.3537996,0.013481
1754587414.3993607,0.018871
1754587414.465496,0.024864
1754587414.5092392,0.011516
1754587414.5483882,0.010534
1754587414.5838184,0.011229
1754587414.6287382,0.012248
1754587414.6665547,0.014017
1754587414.7127907,0.012049
1754587414.7475708,0.010524
1754587414.7844877,0.011032
1754587414.826801,0.020644
1754587414.8637333,0.012029
1754587414.9116619,0.013689
1754587414.945728,0.011995
1754587414.9954665,0.015540
1754587415.0444188,0.021712
1754587415.090799,0.012485
1754587415.1403067,0.014689
1754587415.1923804,0.013476
1754587415.2481132,0.024744
1754587415.3087308,0.022629
1754587415.3490312,0.014067
1754587415.5529203,0.140605
1754587415.750037,0.069253
1754587416.095799,0.171939
1754587416.205162,0.027789
1754587416.328167,0.038792
1754587416.3779294,0.018388
1754587416.4324498,0.021154
1754587416.4916172,0.023401
1754587416.6098752,0.039812
1754587416.767865,0.028635
1754587416.83482,0.026480
1754587416.9206498,0.028327
1754587416.996019,0.020580
1754587417.0638657,0.020147
1754587417.121744,0.014531
1754587417.1717503,0.024319
1754587417.2742183,0.062328
1754587417.3842468,0.061684
1754587417.718668,0.096532
1754587417.9869072,0.089653
1754587418.4250507,0.061594
1754587418.5391908,0.049526
1754587418.6123085,0.018252
1754587418.6725287,0.020736
1754587418.7357664,0.024200
1754587418.810557,0.026983
1754587418.8788865,0.018617
1754587418.9410832,0.029971
1754587419.0083306,0.019781
1754587419.0837274,0.026988
1754587419.1671562,0.027955
1754587419.2426965,0.018711
1754587419.32412,0.019053
1754587419.4009907,0.022044
1754587419.695024,0.097874
1754587419.992978,0.055675
1754587420.1149483,0.048247
1754587420.1987877,0.020007
1754587420.2545729,0.020816
1754587420.326915,0.038800
1754587420.3969197,0.028579
1754587420.4730384,0.022428
1754587420.5331085,0.019416
1754587420.5892503,0.015584
1754587420.6535592,0.016559
1754587420.7065167,0.021963
1754587420.7535145,0.012753
1754587420.8129265,0.016980
1754587420.8737965,0.028402
1754587420.9270673,0.026817
1754587420.9727676,0.012607
1754587421.0185716,0.013182
1754587421.0736322,0.027477
1754587421.1316187,0.022119
1754587421.1860003,0.018995
1754587421.2537758,0.018524
1754587421.3107023,0.015011
1754587421.3790553,0.023943
1754587421.464639,0.044481
1754587421.9736881,0.477688
1754587422.149155,0.083159
1754587422.380022,0.066998
1754587422.4845688,0.043036
1754587422.5417275,0.016977
1754587422.5906835,0.018051
1754587422.6397026,0.015987
1754587422.7026603,0.021886
1754587422.7552388,0.016052
1754587422.816887,0.019108
1754587422.8827448,0.024010
1754587422.9388738,0.021362
1754587423.0140088,0.034282
1754587423.0584123,0.016068
1754587423.1196375,0.018775
1754587423.1824062,0.016899
1754587423.238756,0.028991
1754587423.2872536,0.016542
1754587423.3485847,0.016531
1754587423.4236324,0.030710
1754587423.5315342,0.029957
1754587423.7859454,0.042207
1754587424.0406406,0.042978
1754587424.1457117,0.042144
1754587424.2405994,0.042962
1754587424.2918627,0.011451
1754587424.3519967,0.016683
1754587424.4515636,0.042273
1754587424.513794,0.025973
1754587424.574646,0.017229
1754587424.6476007,0.036115
1754587424.6923041,0.015719
1754587424.7590992,0.018330
1754587424.822655,0.019044
1754587424.8857386,0.038731
1754587424.9487264,0.029525
1754587425.0185795,0.024585
1754587425.09976,0.026955
1754587425.1944711,0.035352
1754587425.288599,0.034122
1754587425.3589041,0.020525
1754587425.4677,0.024647
1754587425.5498211,0.025081
1754587425.8572118,0.056911
1754587426.123901,0.087820
1754587426.2680628,0.046114
1754587426.345522,0.022050
1754587426.3923724,0.019571
1754587426.4605696,0.022738
1754587426.522834,0.024204
1754587426.5938127,0.025338
1754587426.6432788,0.019527
1754587426.7057102,0.022755
1754587426.7530968,0.017503
1754587426.8089843,0.015305
1754587426.8650134,0.011435
1754587426.907602,0.019253
1754587426.960585,0.020450
1754587427.018593,0.017106
1754587427.0807872,0.021107
1754587427.1341517,0.024601
1754587427.1771014,0.012043
1754587427.224423,0.012899
1754587427.2828693,0.022224
1754587427.3305552,0.017542
1754587427.379709,0.015553
1754587427.457957,0.031892
1754587427.600608,0.050193
1754587427.8365068,0.073640
1754587428.102369,0.118450
1754587428.2155037,0.032102
1754587428.2882252,0.014119
1754587428.343201,0.018495
1754587428.4005876,0.024102
1754587428.4740918,0.025395
1754587428.5397398,0.018574
1754587428.5995011,0.019610
1754587428.6628668,0.019631
1754587428.717909,0.020320
1754587428.78922,0.027883
1754587428.8664303,0.024009
1754587428.9361053,0.018306
1754587429.0097764,0.018180
1754587429.0805836,0.019071
1754587429.1485784,0.020956
1754587429.212874,0.013309
1754587429.3320208,0.085857
1754587429.4072423,0.029158
1754587429.4915593,0.029733
1754587429.5484884,0.020326
1754587429.6138442,0.019745
1754587429.8809001,0.041646
1754587430.1455977,0.042777
1754587430.2760215,0.038762
1754587430.3658035,0.021357
1754587430.417282,0.022139
1754587430.469053,0.016264
1754587430.5286045,0.020530
1754587430.601786,0.027083
1754587430.6567323,0.019589
1754587430.7119586,0.019093
1754587430.7581244,0.016608
1754587430.7996566,0.015261
1754587430.8470006,0.013392
1754587430.9306767,0.017118
1754587431.00199,0.015047
1754587431.0677433,0.015177
1754587431.1293075,0.030938
1754587431.185725,0.020998
1754587431.2640312,0.021495
1754587431.3407385,0.018293
1754587431.414738,0.017645
1754587431.4894335,0.020618
1754587431.5606406,0.017913
1754587431.6272109,0.016536
1754587431.8265903,0.112213
1754587432.1405585,0.184219
1754587432.2755868,0.036231
1754587432.3740554,0.039211
1754587432.4293559,0.022317
1754587432.4750507,0.017298
1754587432.547754,0.026132
1754587432.6084597,0.026841
1754587432.6628397,0.020796
1754587432.7189014,0.019698
1754587432.7731314,0.016717
1754587432.8177319,0.016982
1754587432.8773289,0.016532
1754587432.927601,0.011515
1754587432.989244,0.030621
1754587433.037903,0.020614
1754587433.1003973,0.024324
1754587433.1706228,0.024615
1754587433.3093748,0.032844
1754587433.3689086,0.013533
1754587433.4469142,0.027704
1754587433.5175953,0.017011
1754587433.574524,0.028109
1754587433.6230617,0.020530
1754587433.6907744,0.030096
1754587433.9342995,0.040931
1754587434.2015164,0.049124
1754587434.3341956,0.052909
1754587434.4573617,0.072056
1754587434.5146148,0.015489
1754587434.550969,0.012754
1754587434.5881183,0.012084
1754587434.6223457,0.009516
1754587434.6543183,0.009516
1754587434.6880043,0.014001
1754587434.7185714,0.007006
1754587434.7474124,0.009532
1755243732.3531978,0.035354
1755243732.4191825,0.013312
1755243732.4570534,0.017316
1755243732.5054092,0.014114
1755243732.549051,0.012363
1755243732.5911539,0.014349
1755243732.6321967,0.011230
1755243732.6791742,0.013526
1755243732.9617574,0.256687
1755243733.065298,0.030357
1755243733.2530267,0.036589
1755243733.3231342,0.021405
1755243733.3611274,0.009170
1755243733.4000661,0.012905
1755243733.4359107,0.015096
1755243733.4798443,0.015472
1755243733.5260327,0.018701
1755243733.5596993,0.010401
1755243733.589159,0.011157
1755243733.6322064,0.012538
1755243733.6853027,0.019464
1755243733.7249634,0.016913
1755243733.7642574,0.012507
1755243733.8065293,0.013893
1755243733.8513017,0.011045
1755243733.901799,0.013492
1755243733.960125,0.025595
1755243734.0200691,0.018636
1755243734.0724585,0.014916
1755243734.1156995,0.012994
1755243734.1528184,0.010568
1755243734.1959057,0.014821
1755243734.2460303,0.015084
1755243734.3022277,0.018681
1755243734.350213,0.022049
1755243734.4098675,0.020988
1755243734.4602332,0.015590
1755243734.5089262,0.013918
1755243734.5738204,0.018257
1755243734.6197927,0.012612
1755243734.6701057,0.020176
1755243734.7511017,0.037916
1755243734.9502451,0.043220
1755243735.1877596,0.039937
1755243735.2588348,0.024116
1755243735.296124,0.013664
1755243735.332881,0.012888
1755243735.3710895,0.016210
1755243735.4103556,0.012519
1755243735.4487493,0.011531
1755243735.4828544,0.012976
1755243735.5260713,0.017297
1755243735.5789993,0.016974
1755243735.6112385,0.012280
1755243735.6503932,0.013046
1755243735.6929972,0.012190
1755243735.7433617,0.019890
1755243735.788703,0.011584
1755243735.8443694,0.013445
1755243735.9015994,0.017504
1755243735.94619,0.019028
1755243735.9889705,0.013291
1755243736.0518162,0.015569
1755243736.1268938,0.013736
1755243736.178783,0.015605
1755243736.212807,0.011541
1755243736.258971,0.017285
1755243736.299954,0.011029
1755243736.3380241,0.010541
1755243736.3773482,0.014328
1755243736.4138453,0.015594
1755243736.4546895,0.012509
1755243736.487274,0.010552
1755243736.5353498,0.016417
1755243736.5789897,0.013522
1755243736.6242337,0.016634
1755243736.6577063,0.012789
1755243736.694454,0.010513
1755243736.7289603,0.009520
1755243736.7671263,0.008517
1755243736.9448426,0.041992
1755243737.1454947,0.134257
1755243737.2300842,0.026587
1755243737.2832637,0.010887
1755243737.3191428,0.010422
1755243737.3490975,0.010009
1755243737.3822978,0.009955
1755243737.417429,0.012092
1755243737.456234,0.012239
1755243737.4893255,0.012026
1755243737.5336785,0.017709
1755243737.5841267,0.013536
1755243737.6321375,0.014084
1755243737.6660306,0.010788
1755243737.7135282,0.012166
1755243737.748963,0.009223
1755243737.789943,0.009872
1755243737.8374913,0.014585
1755243737.8781478,0.015108
1755243737.927455,0.015859
1755243737.964036,0.011065
1755243737.9988885,0.011178
1755243738.0423107,0.014190
1755243738.0865545,0.016597
1755243738.1278365,0.013282
1755243738.1743805,0.015796
1755243738.20922,0.014304
1755243738.2488823,0.012044
1755243738.2830868,0.009524
1755243738.3205175,0.008317
1755243738.3674254,0.014582
1755243738.4005215,0.012524
1755243738.4379172,0.012108
1755243738.4718957,0.008524
1755243738.523679,0.022335
1755243738.5900512,0.025286
1755243738.6567216,0.026730
1755243738.6988537,0.010718
1755243738.7377687,0.010693
1755243738.7801511,0.013067
1755243738.9912286,0.044131
1755243739.2291653,0.043303
1755243739.2899978,0.018561
1755243739.3209314,0.010321
1755243739.3533275,0.011315
1755243739.3912463,0.015187
1755243739.4281156,0.010191
1755243739.4656844,0.012913
1755243739.49914,0.011515
1755243739.5329723,0.011207
1755243739.5745928,0.015054
1755243739.6111393,0.010023
1755243739.6547024,0.014950
1755243739.6940749,0.010103
1755243739.7317853,0.009518
1755243739.7732482,0.014876
1755243739.8098474,0.013554
1755243739.8461494,0.009242
1755243739.8815768,0.011522
1755243739.9311237,0.015524
1755243739.9729614,0.011514
1755243740.0089934,0.010041
1755243740.0490885,0.009566
1755243740.0992064,0.013225
1755243740.1507769,0.018948
1755243740.1908197,0.013849
1755243740.231786,0.012655
1755243740.2787707,0.015545
1755243740.327033,0.020578
1755243740.3731391,0.011512
1755243740.4176822,0.017805
1755243740.4520893,0.014195
1755243740.49229,0.011521
1755243740.5362108,0.015099
1755243740.5775108,0.010293
1755243740.6236994,0.020117
1755243740.6753972,0.020237
1755243740.7157779,0.015025
1755243740.7509174,0.010088
1755243740.7872052,0.010764
1755243740.822029,0.009663
1755243741.0018945,0.052877
1755243741.2378192,0.170554
1755243741.3316004,0.027838
1755243741.3877037,0.011778
1755243741.4207945,0.009117
1755243741.4538357,0.010525
1755243741.4927151,0.017492
1755243741.5291605,0.009516
1755243741.5675623,0.011663
1755243741.5990748,0.011463
1755243741.6426942,0.019262
1755243741.6873677,0.010558
1755243741.7271035,0.010522
1755243741.7632535,0.010108
1755243741.8048174,0.012343
1755243741.8460038,0.018621
1755243741.8871324,0.011288
1755243741.9313562,0.014060
1755243741.9729896,0.019005
1755243742.015358,0.011801
1755243742.0731137,0.014244
1755243742.1109107,0.010029
1755243742.1523004,0.013057
1755243742.1953378,0.013626
1755243742.2355149,0.010931
1755243742.2764485,0.013279
1755243742.3139367,0.008543
1755243742.3473537,0.008321
1755243742.3875198,0.011425
1755243742.431802,0.014170
1755243742.4691,0.015256
1755243742.5076625,0.012034
1755243742.540717,0.009496
1755243742.5781126,0.010053
1755243742.6219187,0.010503
1755243742.654773,0.010509
1755243742.6951013,0.014079
1755243742.7363808,0.015523
1755243742.7790587,0.010102
1755243742.8228333,0.016597
1755243742.9398668,0.088294
1755243743.1488583,0.130993
1755243743.2501814,0.034819
1755243743.302612,0.013767
1755243743.3343806,0.010484
1755243743.371853,0.016163
1755243743.4090598,0.010161
1755243743.4433267,0.012248
1755243743.4739523,0.009531
1755243743.5052114,0.012061
1755243743.546253,0.017044
1755243743.5806022,0.009510
1755243743.614899,0.011540
1755243743.65282,0.011508
1755243743.6972702,0.012086
1755243743.7298746,0.010010
1755243743.779225,0.020443
1755243743.813964,0.013995
1755243743.8522131,0.011104
1755243743.8882184,0.011163
1755243743.9218893,0.008834
1755243743.9601173,0.012993
1755243743.9916105,0.010522
1755243744.0269046,0.012727
1755243744.0638945,0.011025
1755243744.105183,0.013123
1755243744.1401432,0.015033
1755243744.1741555,0.010269
1755243744.2201052,0.016202
1755243744.2617705,0.018795
1755243744.305685,0.011362
1755243744.3500788,0.014257
1755243744.3809106,0.011801
1755243744.4212792,0.011518
1755243744.4604099,0.014095
1755243744.4993315,0.012313
1755243744.5403545,0.011483
1755243744.5835845,0.012874
1755243744.6276443,0.013447
1755243744.6760998,0.014861
1755243744.7113075,0.013113
1755243744.7512197,0.011525
1755243744.790817,0.010764
1755243744.8351858,0.012733
1755243744.8729165,0.010510
1755243745.0203307,0.084974
1755243745.2039454,0.125968
1755243745.3009355,0.040767
1755243745.3489287,0.016094
1755243745.38184,0.010520
1755243745.4170227,0.012544
1755243745.453336,0.010539
1755243745.4917622,0.010604
1755243745.5353177,0.017338
1755243745.591684,0.024338
1755243745.6413913,0.013662
1755243745.6920786,0.017899
1755243745.732939,0.014682
1755243745.7731023,0.014387
1755243745.8235672,0.017184
1755243745.863791,0.014451
1755243745.9059224,0.016895
1755243745.9578874,0.014538
1755243745.9889386,0.011075
1755243746.0304844,0.017013
1755243746.0665364,0.013517
1755243746.104029,0.010523
1755243746.1378942,0.011783
1755243746.1725714,0.011454
1755243746.2059479,0.010138
1755243746.2441518,0.008886
1755243746.2960563,0.011710
1755243746.3495004,0.017861
1755243746.3848224,0.012533
1755243746.4246747,0.009517
1755243746.4574504,0.012745
1755243746.4938731,0.009510
1755243746.5363204,0.009456
1755243746.5837665,0.013793
1755243746.623026,0.010130
1755243746.6618178,0.011022
1755243746.6989083,0.011156
1755243746.7437272,0.012716
1755243746.7828274,0.017694
1755243746.8241475,0.013227
1755243746.8868723,0.020812
1755243747.0338836,0.060221
1755243747.2319634,0.107705
1755243747.3260646,0.029422
1755243747.367749,0.014768
1755243747.4069207,0.013681
1755243747.4443204,0.012053
1755243747.477637,0.011589
1755243747.5163555,0.013501
1755243747.5547538,0.013710
1755243747.5960195,0.016893
1755243747.6313121,0.008214
1755243747.6649082,0.013709
1755243747.7071383,0.012390
1755243747.7470834,0.015842
1755243747.7870734,0.015644
1755243747.8302073,0.013310
1755243747.8789992,0.012573
1755243747.9141748,0.012343
1755243747.960867,0.019052
1755243748.0051844,0.011883
1755243748.049994,0.012812
1755243748.0900981,0.012932
1755243748.1298637,0.010117
1755243748.1698954,0.010748
1755243748.215482,0.017037
1755243748.2600832,0.011521
1755243748.2979698,0.012980
1755243748.3420606,0.011559
1755243748.3848794,0.012532
1755243748.431333,0.015822
1755243748.4689434,0.011648
1755243748.5053666,0.011059
1755243748.54203,0.010516
1755243748.594815,0.020624
1755243748.6298435,0.012539
1755243748.665835,0.009535
1755243748.7019806,0.009077
1755243748.7372184,0.011045
1755243748.7768402,0.010519
1755243748.8188999,0.014322
1755243748.858732,0.013427
1755243748.9178581,0.019792
1755243749.0041344,0.055841
1755243749.2706406,0.152116
1755243749.349067,0.025619
1755243749.3989143,0.012920
1755243749.4328713,0.011713
1755243749.4629424,0.011817
1755243749.4980457,0.011207
1755243749.535745,0.012864
1755243749.5689151,0.010517
1755243749.6003747,0.012168
1755243749.642186,0.011951
1755243749.6800635,0.014794
1755243749.7289631,0.019253
1755243749.7713861,0.015124
1755243749.8165686,0.015043
1755243749.8813522,0.031195
1755243749.9333909,0.014135
1755243749.969898,0.012401
1755243750.0101812,0.012564
1755243750.0490718,0.016158
1755243750.0900426,0.012391
1755243750.133017,0.013221
1755243750.176454,0.014897
1755243750.2122996,0.009963
1755243750.2508044,0.010626
1755243750.3030043,0.015038
1755243750.3410583,0.012003
1755243750.389167,0.018279
1755243750.4292147,0.015487
1755243750.4680302,0.010070
1755243750.5134997,0.018223
1755243750.5508795,0.016549
1755243750.5939543,0.010520
1755243750.6381514,0.013333
1755243750.670625,0.010534
1755243750.7149687,0.013986
1755243750.7526786,0.016045
1755243750.791211,0.009404
1755243750.827871,0.011627
1755243750.8749096,0.017884
1755243750.917938,0.012488
1755243750.9650426,0.015539
1755243750.999034,0.009252
1755243751.2959182,0.043985
1755243751.5061412,0.084367
1755243751.6032784,0.031392
1755243751.6382275,0.013016
1755243751.670222,0.010434
1755243751.70933,0.015022
1755243751.7468195,0.012795
1755243751.7951674,0.016117
1755243751.827325,0.011764
1755243751.8601646,0.009521
1755243751.9043486,0.016912
1755243751.935778,0.008522
1755243751.9853847,0.019351
1755243752.0177445,0.009063
1755243752.06041,0.012119
1755243752.0976636,0.017609
1755243752.1333456,0.009196
1755243752.1720834,0.009987
1755243752.2069767,0.011097
1755243752.242749,0.011549
1755243752.2781913,0.010242
1755243752.3200438,0.014594
1755243752.3571682,0.013087
1755243752.3956113,0.012728
1755243752.4465938,0.015782
1755243752.4949145,0.019310
1755243752.5555277,0.015945
1755243752.5980506,0.012720
1755243752.638972,0.011897
1755243752.6758482,0.013837
1755243752.717047,0.011600
1755243752.761022,0.013955
1755243752.8021042,0.016488
1755243752.8437665,0.011912
1755243752.8838613,0.013045
1755243752.9238625,0.014314
1755243752.9670603,0.013438
1755243753.0119896,0.014154
1755243753.206192,0.101746
1755243753.4100761,0.110198
1755243753.5056624,0.031746
1755243753.5418546,0.010521
1755243753.5729377,0.010029
1755243753.6099644,0.015371
1755243753.6430674,0.010131
1755243753.6746192,0.010518
1755243753.7060819,0.012512
1755243753.7412171,0.013590
1755243753.782934,0.010593
1755243753.8173733,0.013029
1755243753.852474,0.011078
1755243753.8860278,0.013522
1755243753.9272058,0.012530
1755243753.9774058,0.016400
1755243754.0199282,0.014416
1755243754.0561047,0.009513
1755243754.090048,0.014025
1755243754.1289308,0.009218
1755243754.1628788,0.010072
1755243754.1975691,0.009497
1755243754.2450078,0.019724
1755243754.2838197,0.013236
1755243754.3272738,0.011519
1755243754.368904,0.014631
1755243754.4098496,0.013518
1755243754.4615738,0.020557
1755243754.5038571,0.013082
1755243754.5490346,0.013547
1755243754.5847473,0.013888
1755243754.6252227,0.013178
1755243754.6616929,0.009505
1755243754.700914,0.009538
1755243754.749208,0.017382
1755243754.7934654,0.012518
1755243754.8293204,0.013915
1755243754.8736022,0.011527
1755243754.9112632,0.011529
1755243754.9490604,0.012126
1755243754.9977782,0.016668
1755243755.0350413,0.010904
1755243755.0809314,0.010523
1755243755.261111,0.052972
1755243755.4527695,0.066113
1755243755.5459156,0.030675
1755243755.5821855,0.009507
1755243755.613073,0.009513
1755243755.64687,0.014505
1755243755.682337,0.010259
1755243755.7200325,0.009591
1755243755.7529628,0.010345
1755243755.7908492,0.011822
1755243755.8392038,0.011770
1755243755.8738058,0.014324
1755243755.9107828,0.009528
1755243755.95085,0.011042
1755243755.9957957,0.015630
1755243756.0404992,0.011607
1755243756.0849168,0.015690
1755243756.1210155,0.010810
1755243756.16634,0.017346
1755243756.201947,0.015600
1755243756.2423985,0.011557
1755243756.288056,0.014658
1755243756.3224802,0.011504
1755243756.3646457,0.013541
1755243756.3963542,0.009920
1755243756.4490006,0.017030
1755243756.480855,0.011034
1755243756.540557,0.015055
1755243756.5973809,0.012289
1755243756.6689606,0.022568
1755243756.7351818,0.021154
1755243756.782354,0.012550
1755243756.8307078,0.014129
1755243756.8744352,0.013700
1755243756.9201114,0.011713
1755243756.968123,0.021379
1755243757.0100837,0.014086
1755243757.0659835,0.015843
1755243757.1208622,0.013206
1755243757.173309,0.017777
1755243757.354374,0.027179
1755243757.6111293,0.051660
1755243757.685197,0.022252
1755243757.7315607,0.021170
1755243757.7940469,0.020227
1755243757.8492086,0.016851
1755243757.9010718,0.021925
1755243757.9434578,0.013577
1755243757.9759452,0.011205
1755243758.0239806,0.018578
1755243758.0637846,0.013575
1755243758.1122496,0.017194
1755243758.1489882,0.011989
1755243758.1940832,0.012219
1755243758.229045,0.008997
1755243758.2668347,0.009646
1755243758.3124473,0.015153
1755243758.3474362,0.010455
1755243758.3929656,0.016457
1755243758.4334536,0.009597
1755243758.4760413,0.010997
1755243758.5230384,0.013061
1755243758.5750382,0.017855
1755243758.6212542,0.017045
1755243758.6722877,0.016201
1755243758.7100785,0.010532
1755243758.7472854,0.010355
1755243758.7979739,0.014773
1755243758.8379624,0.012875
1755243758.880245,0.014715
1755243758.9201064,0.013160
1755243758.9640787,0.011757
1755243759.0057747,0.012601
1755243759.0609078,0.026510
1755243759.1179063,0.018730
1755243759.1608753,0.008510
1755243759.377545,0.040906
1755243759.621963,0.039631
1755243759.686166,0.021705
1755243759.7202373,0.010008
1755243759.7531328,0.011055
1755243759.7872145,0.011195
1755243759.8248653,0.012509
1755243759.8634796,0.016079
1755243759.8989925,0.012798
1755243759.9344058,0.013267
1755243759.9812212,0.015606
1755243760.024303,0.018049
1755243760.084487,0.016333
1755243760.1467702,0.019629
1755243760.207352,0.022518
1755243760.25522,0.015028
1755243760.3140683,0.015974
1755243760.3589494,0.010860
1755243760.4110222,0.020903
1755243760.457175,0.013385
1755243760.5191019,0.016654
1755243760.5696235,0.015894
1755243760.6189036,0.022503
1755243760.6810248,0.021869
1755243760.728762,0.010513
1755243760.7707484,0.012408
1755243760.808766,0.010669
1755243760.8471315,0.008070
1755243760.892045,0.017502
1755243760.9269989,0.010453
1755243760.9653137,0.010026
1755243761.0073462,0.011283
1755243761.0440514,0.012179
1755243761.0872333,0.014277
1755243761.124016,0.012072
1755243761.171831,0.013700
1755243761.205829,0.011546
1755243761.4188852,0.048705
1755243761.6471093,0.043586
1755243761.7362216,0.032971
1755243761.7791183,0.009520
1755243761.811156,0.009993
1755243761.844005,0.011916
1755243761.8817573,0.011529
1755243761.9212823,0.016346
1755243761.9561646,0.010052
1755243761.9852202,0.008981
1755243762.030016,0.013561
1755243762.062737,0.008512
1755243762.10318,0.015529
1755243762.1375546,0.010323
1755243762.181458,0.014208
1755243762.215988,0.012226
1755243762.2665746,0.009355
1755243762.301996,0.010198
1755243762.338749,0.011382
1755243762.379791,0.014459
1755243762.420269,0.016452
1755243762.460045,0.011221
1755243762.4931102,0.009059
1755243762.5340998,0.011702
1755243762.5799136,0.010882
1755243762.6160138,0.010043
1755243762.659014,0.011023
1755243762.7073963,0.013495
1755243762.7597215,0.017033
1755243762.8041906,0.011238
1755243762.853124,0.017133
1755243762.895825,0.013393
1755243762.945846,0.015634
1755243762.986141,0.017277
1755243763.0241606,0.010577
1755243763.081221,0.016646
1755243763.1238801,0.011526
1755243763.1674309,0.017753
1755243763.2060025,0.010158
1755243763.3819838,0.043216
1755243763.567272,0.129029
1755243763.6725693,0.029666
1755243763.7404194,0.024431
1755243763.775997,0.011985
1755243763.8073213,0.009842
1755243763.844401,0.015529
1755243763.8772078,0.009103
1755243763.9131312,0.011602
1755243763.947952,0.012525
1755243763.987021,0.013054
1755243764.0242574,0.010162
1755243764.059173,0.013849
1755243764.0963302,0.009341
1755243764.1324427,0.009317
1755243764.1740284,0.012035
1755243764.215927,0.010164
1755243764.2601552,0.013465
1755243764.3119144,0.019635
1755243764.3613775,0.014447
1755243764.403223,0.012465
1755243764.4452188,0.013182
1755243764.4802985,0.010484
1755243764.5330534,0.011068
1755243764.581146,0.015739
1755243764.6252668,0.019856
1755243764.666404,0.009084
1755243764.7109234,0.015092
1755243764.7475631,0.014017
1755243764.8090134,0.016538
1755243764.8638804,0.011553
1755243764.9006956,0.009524
1755243764.942116,0.013532
1755243764.979705,0.009495
1755243765.0130835,0.012364
1755243765.048917,0.010883
1755243765.087142,0.012097
1755243765.1310592,0.017606
1755243765.1717377,0.009068
1755243765.206147,0.009073
1755243765.246786,0.011033
1755243765.4681885,0.044790
1755243765.682406,0.038060
1755243765.7533479,0.027132
1755243765.804239,0.008268
1755243765.837994,0.011663
1755243765.8699632,0.010901
1755243765.90404,0.010222
1755243765.9386115,0.010531
1755243765.974052,0.011106
1755243766.0066483,0.010464
1755243766.0517983,0.015376
1755243766.087664,0.011525
1755243766.127918,0.011682
1755243766.1707978,0.015845
1755243766.2127764,0.013903
1755243766.2657886,0.018270
1755243766.3111134,0.018622
1755243766.3514342,0.010515
1755243766.3954222,0.013557
1755243766.4310677,0.011168
1755243766.4901338,0.018198
1755243766.5337644,0.009511
1755243766.5696502,0.012039
1755243766.6088374,0.010770
1755243766.6409225,0.010300
1755243766.6779146,0.010027
1755243766.714145,0.011066
1755243766.7549102,0.014541
1755243766.798671,0.010174
1755243766.8447275,0.013920
1755243766.8821325,0.009131
1755243766.9161592,0.011526
1755243766.9523177,0.009508
1755243766.9919112,0.013041
1755243767.0232027,0.009014
1755243767.0664759,0.012080
1755243767.1032,0.010090
1755243767.1449142,0.009510
1755243767.1954117,0.018327
1755243767.2341046,0.015435
1755243767.2791765,0.014074
1755243767.4937224,0.057595
1755243767.714279,0.109017
1755243767.7953339,0.024421
1755243767.8573923,0.014249
1755243767.889918,0.010598
1755243767.9204893,0.010506
1755243767.9564452,0.010538
1755243767.9979146,0.014632
1755243768.0340512,0.011944
1755243768.0747285,0.014835
1755243768.1231863,0.015070
1755243768.1552508,0.010354
1755243768.199174,0.012481
1755243768.2359786,0.013866
1755243768.2880309,0.015564
1755243768.3439596,0.016122
1755243768.3834665,0.013469
1755243768.4237533,0.012242
1755243768.4678693,0.012997
1755243768.5039155,0.011632
1755243768.5491,0.010460
1755243768.5910122,0.010319
1755243768.6358323,0.014771
1755243768.6789358,0.012457
1755243768.722202,0.011355
1755243768.7642338,0.014051
1755243768.8075082,0.013664
1755243768.8559694,0.014599
1755243768.9080987,0.015905
1755243768.949614,0.012045
1755243768.9973083,0.017146
1755243769.0329926,0.010876
1755243769.081445,0.018406
1755243769.1198323,0.014128
1755243769.159824,0.010854
1755243769.2013478,0.012049
1755243769.2482073,0.019951
1755243769.3033504,0.012239
1755243769.5103283,0.035203
1755243769.6950376,0.022956
1755243769.7789795,0.025445
1755243769.837542,0.012978
1755243769.8818126,0.013290
1755243769.920855,0.013053
1755243769.9563107,0.011550
1755243769.9921234,0.012242
1755243770.0247953,0.011641
1755243770.0569692,0.010628
1755243770.1036284,0.019454
1755243770.144173,0.011929
1755243770.1832047,0.009719
1755243770.2247915,0.013803
1755243770.2639253,0.010058
1755243770.3068864,0.012647
1755243770.3522289,0.015733
1755243770.398017,0.013264
1755243770.4636202,0.017637
1755243770.5002677,0.012039
1755243770.5438275,0.008426
1755243770.5857778,0.013276
1755243770.6190875,0.014099
1755243770.6632128,0.012248
1755243770.710849,0.016875
1755243770.742022,0.010086
1755243770.7881837,0.011110
1755243770.8200638,0.011038
1755243770.8622925,0.013734
1755243770.9008489,0.013680
1755243770.9507163,0.019133
1755243770.9950342,0.014698
1755243771.0344613,0.012526
1755243771.0712686,0.012780
1755243771.1058943,0.012515
1755243771.1449528,0.010477
1755243771.187278,0.013541
1755243771.2193525,0.010020
1755243771.2550964,0.010516
1755243771.3040953,0.017040
1755243771.3466225,0.013518
1755243771.8628993,0.108628
1755243771.9852016,0.047680
1755243772.158975,0.031138
1755243772.2209573,0.022043
1755243772.2566109,0.009530
1755243772.2890253,0.009937
1755243772.323789,0.011517
1755243772.3622968,0.011194
1755243772.4004583,0.011577
1755243772.431851,0.009511
1755243772.463437,0.011264
1755243772.505461,0.014891
1755243772.5391047,0.010008
1755243772.5709956,0.010571
1755243772.6087627,0.011169
1755243772.6468647,0.009096
1755243772.6812243,0.009078
1755243772.7171028,0.009739
1755243772.757093,0.010311
1755243772.8038185,0.009523
1755243772.8393004,0.008505
1755243772.8970563,0.026234
1755243772.9420462,0.012187
1755243772.9867768,0.013395
1755243773.0321655,0.015044
1755243773.0709038,0.011188
1755243773.111873,0.013039
1755243773.1536958,0.013475
1755243773.1945298,0.012059
1755243773.2346919,0.011781
1755243773.2809994,0.017118
1755243773.3289998,0.015112
1755243773.3853185,0.018082
1755243773.4569235,0.037356
1755243773.6491337,0.039419
1755243773.8780012,0.041780
1755243773.9540055,0.024781
1755243773.989495,0.010714
1755243774.0227516,0.009863
1755243774.0569093,0.014126
1755243774.0925615,0.012042
1755243774.137625,0.016857
1755243774.1733594,0.012533
1755243774.2181182,0.017249
1755243774.2555366,0.009580
1755243774.2963858,0.012275
1755243774.3432274,0.016230
1755243774.3878913,0.013535
1755243774.445475,0.023664
1755243774.4896286,0.017048
1755243774.5347917,0.012859
1755243774.5840533,0.012508
1755243774.6174545,0.012324
1755243774.6608407,0.011030
1755243774.6989648,0.011551
1755243774.743406,0.013420
1755243774.7844794,0.011273
1755243774.8282154,0.010528
1755243774.8689346,0.010007
1755243774.9119508,0.015383
1755243774.9565609,0.018188
1755243774.9988632,0.015726
1755243775.0510533,0.015960
1755243775.0873103,0.013615
1755243775.1318092,0.012845
1755243775.1818013,0.016424
1755243775.213088,0.011122
1755243775.2567098,0.014017
1755243775.2969437,0.014620
1755243775.3379366,0.012523
1755243775.3741982,0.010900
1755243775.4161036,0.011586
1755243775.6382313,0.042306
1755243775.8719156,0.040771
1755243775.9520195,0.030761
1755243775.9962356,0.011545
1755243776.0312438,0.012271
1755243776.0670848,0.011740
1755243776.1121757,0.014502
1755243776.1531644,0.018552
1755243776.1879919,0.010517
1755243776.221492,0.012525
1755243776.267257,0.014994
1755243776.3054996,0.013382
1755243776.3490381,0.010530
1755243776.391493,0.013732
1755243776.4289877,0.012863
1755243776.4724324,0.012527
1755243776.5109239,0.013358
1755243776.5612118,0.017071
1755243776.603658,0.011054
1755243776.6471004,0.009183
1755243776.6851723,0.011017
1755243776.73007,0.015560
1755243776.774897,0.012850
1755243776.8109756,0.009678
1755243776.855079,0.015018
1755243776.8953075,0.010684
1755243776.9349148,0.011678
1755243776.9854364,0.017820
1755243777.017523,0.010525
1755243777.0731869,0.013158
1755243777.1240838,0.015983
1755243777.1664233,0.012660
1755243777.2148333,0.017823
1755243777.2572107,0.011525
1755243777.3039813,0.016727
1755243777.3481574,0.015910
1755243777.4033227,0.017825
1755243777.4514174,0.012510
1755243777.7138233,0.039012
1755243777.9248888,0.105096
1755243778.0122504,0.023456
1755243778.075013,0.011984
1755243778.108849,0.011620
1755243778.1389127,0.010120
1755243778.176406,0.014315
1755243778.2102442,0.009656
1755243778.2468834,0.010525
1755243778.2789724,0.010516
1755243778.3236365,0.019257
1755243778.3674326,0.009528
1755243778.4101856,0.011194
1755243778.4654925,0.018791
1755243778.5241978,0.017181
1755243778.5703464,0.011697
1755243778.624582,0.014474
1755243778.656919,0.010518
1755243778.7038321,0.009605
1755243778.7400198,0.009501
1755243778.7819886,0.011521
1755243778.8258188,0.011516
1755243778.8662417,0.010527
1755243778.9153013,0.017383
1755243778.9544032,0.012398
1755243778.9998915,0.011550
1755243779.0407326,0.013461
1755243779.1229713,0.018147
1755243779.1788626,0.015050
1755243779.2149498,0.009516
1755243779.2598333,0.010599
1755243779.3016856,0.012635
1755243779.354537,0.019455
1755243779.3968036,0.013093
1755243779.4497135,0.017929
1755243779.6708257,0.166809
1755243779.8050117,0.073371
1755243780.0181155,0.041820
1755243780.1102931,0.033412
1755243780.1608162,0.014471
1755243780.203317,0.014263
1755243780.2420475,0.014129
1755243780.2816179,0.013757
1755243780.3210273,0.010550
1755243780.3590136,0.012520
1755243780.399035,0.012618
1755243780.4458613,0.010537
1755243780.4831853,0.009261
1755243780.534769,0.013654
1755243780.5709763,0.010512
1755243780.62453,0.015620
1755243780.663984,0.011789
1755243780.7144248,0.011528
1755243780.752821,0.010741
1755243780.8032525,0.015554
1755243780.8471093,0.010527
1755243780.8918917,0.015072
1755243780.928757,0.010514
1755243780.973777,0.010530
1755243781.0208337,0.012380
1755243781.0612276,0.011070
1755243781.1289468,0.020121
1755243781.1874435,0.025574
1755243781.234986,0.012921
1755243781.27538,0.011532
1755243781.3154128,0.009765
1755243781.3540783,0.009072
1755243781.39215,0.010024
1755243781.439804,0.015631
1755243781.4798129,0.011073
1755243781.5565453,0.031373
1755243781.740118,0.041685
1755243781.9721699,0.042237
1755243782.0432205,0.026262
1755243782.087944,0.011111
1755243782.1221642,0.010792
1755243782.1571078,0.011694
1755243782.1972091,0.011963
1755243782.2370875,0.012047
1755243782.26893,0.010007
1755243782.3047845,0.013802
1755243782.3558445,0.017509
1755243782.3940148,0.015557
1755243782.4423969,0.017345
1755243782.4989166,0.015538
1755243782.5350237,0.011589
1755243782.576876,0.011089
1755243782.6190164,0.011108
1755243782.6703353,0.013589
1755243782.7256963,0.018588
1755243782.7680762,0.010215
1755243782.81713,0.017021
1755243782.8521125,0.010055
1755243782.9053156,0.013600
1755243782.9590812,0.015299
1755243782.9929466,0.010514
1755243783.0418835,0.014480
1755243783.084169,0.010508
1755243783.1312556,0.017908
1755243783.172859,0.010623
1755243783.2263844,0.019398
1755243783.264854,0.013017
1755243783.3048923,0.009518
1755243783.341326,0.010509
1755243783.383943,0.008514
1755243783.4267344,0.014669
1755243783.46324,0.016254
1755243783.514959,0.012969
1755243783.5531726,0.010030
1755243783.6942756,0.116790
1755243783.8734417,0.088520
1755243784.0420258,0.034590
1755243784.1072469,0.023089
1755243784.1435854,0.012756
1755243784.1778448,0.010081
1755243784.22049,0.012524
1755243784.2577877,0.011922
1755243784.2972565,0.011062
1755243784.3313308,0.011286
1755243784.3745096,0.015682
1755243784.4132147,0.010094
1755243784.459083,0.014684
1755243784.49386,0.009523
1755243784.5447302,0.017315
1755243784.5929337,0.017644
1755243784.6528146,0.019307
1755243784.7131858,0.024402
1755243784.7745514,0.014715
1755243784.8426485,0.020073
1755243784.889473,0.012109
1755243784.9461198,0.019461
1755243784.9919875,0.009836
1755243785.0517726,0.017459
1755243785.0962079,0.011317
1755243785.1496634,0.020055
1755243785.2166708,0.022035
1755243785.293443,0.015465
1755243785.3431501,0.013306
1755243785.3919542,0.011073
1755243785.4454794,0.018139
1755243785.4905164,0.013870
1755243785.5438533,0.012083
1755243785.5888216,0.011693
1755243785.7921712,0.067844
1755243786.0188248,0.112907
1755243786.108757,0.025892
1755243786.159196,0.011165
1755243786.1949086,0.011608
1755243786.2300346,0.011680
1755243786.2816725,0.015230
1755243786.32573,0.012014
1755243786.3651772,0.012667
1755243786.4167442,0.018184
1755243786.4749894,0.013764
1755243786.5400493,0.020119
1755243786.5815215,0.010139
1755243786.6328166,0.017176
1755243786.6923869,0.021206
1755243786.7458556,0.018356
1755243786.7941494,0.014663
1755243786.8322039,0.011028
1755243786.8764484,0.014533
1755243786.9152143,0.009531
1755243786.960156,0.014432
1755243787.0007617,0.010517
1755243787.0470593,0.014250
1755243787.0920382,0.010014
1755243787.1372797,0.011179
1755243787.1781738,0.011322
1755243787.2271576,0.014093
1755243787.2791617,0.024805
1755243787.3305233,0.015714
1755243787.375438,0.011504
1755243787.4219818,0.013570
1755243787.4666903,0.015918
1755243787.523045,0.017492
1755243787.583284,0.014127
1755243787.6377444,0.016227
1755243787.874603,0.110147
1755243788.1012511,0.144325
1755243788.2314801,0.028739
1755243788.3101563,0.028073
1755243788.3439777,0.011039
1755243788.378018,0.010158
1755243788.4156296,0.012404
1755243788.4508915,0.012002
1755243788.4878147,0.010523
1755243788.5232897,0.009511
1755243788.5667977,0.017856
1755243788.6027944,0.008514
1755243788.638017,0.009139
1755243788.6798391,0.009513
1755243788.7290483,0.012700
1755243788.7732298,0.017816
1755243788.8147905,0.010518
1755243788.8692188,0.017700
1755243788.9074821,0.015906
1755243788.9511993,0.011534
1755243789.0038874,0.017530
1755243789.0453715,0.010630
1755243789.0761435,0.008089
1755243789.1029232,0.008751
